Pair,Group,Mechanical-Sucess,Mechanical-Tactile-Success,ClutchesWEggs,EggsPerClutch,Fertility,Fertility_N,"Append 2001_Machanical_Tidy, 2001_Fertilites_Tidy and 2019_Tidy by copy-pasting as text!"
2001_18XJ48,Heterospecifics-graellsiiXelegans,0,NA,NA,NA,NA,NA,
2001_33XJ48,Heterospecifics-graellsiiXelegans,0,NA,NA,NA,NA,NA,
2001_25XH13,Heterospecifics-graellsiiXelegans,0,NA,NA,NA,NA,NA,
2001_40XJ48,Heterospecifics-graellsiiXelegans,0,NA,NA,NA,NA,NA,
2001_22XJ48,Heterospecifics-graellsiiXelegans,0,NA,NA,NA,NA,NA,
2001_34XH13,Heterospecifics-graellsiiXelegans,0,NA,NA,NA,NA,NA,
2001_33XJ51,Heterospecifics-graellsiiXelegans,0,NA,NA,NA,NA,NA,
2001_21XJ44,Heterospecifics-graellsiiXelegans,0,NA,NA,NA,NA,NA,
2001_42XJ30,Heterospecifics-graellsiiXelegans,0,NA,NA,NA,NA,NA,
2001_18XJ44,Heterospecifics-graellsiiXelegans,0,NA,NA,NA,NA,NA,
2001_33XH13,Heterospecifics-graellsiiXelegans,0,NA,NA,NA,NA,NA,
2001_J49X47,Heterospecifics-elegansXgraellsii,1,1,NA,NA,NA,NA,
2001_H11X41,Heterospecifics-elegansXgraellsii,1,1,NA,NA,NA,NA,
2001_K33X46,Heterospecifics-elegansXgraellsii,1,0,NA,NA,NA,NA,
2001_H14X46,Heterospecifics-elegansXgraellsii,1,1,NA,NA,NA,NA,
2001_K13X26,Heterospecifics-elegansXgraellsii,1,0,NA,NA,NA,NA,
2001_L39X31,Heterospecifics-elegansXgraellsii,1,1,NA,NA,NA,NA,
2001_B10X43,Heterospecifics-elegansXgraellsii,1,1,NA,NA,NA,NA,
2001_HA3XHA2,Postzygotics-hybridXhybrid,0,NA,NA,NA,NA,NA,
2001_HB2XHA2,Postzygotics-hybridXhybrid,0,NA,NA,NA,NA,NA,
2001_HA4XHA2,Postzygotics-hybridXhybrid,0,NA,NA,NA,NA,NA,
2001_HA4X140,Postzygotics-hybridXgraellsii,1,0,NA,NA,NA,NA,
2001_HA6XHA2,Postzygotics-hybridXhybrid,0,NA,NA,NA,NA,NA,
2001_HB2X141,Postzygotics-hybridXgraellsii,1,0,NA,NA,NA,NA,
2001_HA1XHA2,Postzygotics-hybridXhybrid,0,NA,NA,NA,NA,NA,
2001_HA4X142,Postzygotics-hybridXgraellsii,1,1,NA,NA,NA,NA,
2001_HA1X136,Postzygotics-hybridXgraellsii,1,0,NA,NA,NA,NA,
2001_HB2X163,Postzygotics-hybridXgraellsii,1,1,NA,NA,NA,NA,
2001_HA4XF62,Postzygotics-hybridXelegans,0,NA,NA,NA,NA,NA,
2001_HA4X170,Postzygotics-hybridXgraellsii,1,0,NA,NA,NA,NA,
2001_HA3X157,Postzygotics-hybridXgraellsii,1,0,NA,NA,NA,NA,
2001_HA1XH33,Postzygotics-hybridXelegans,0,NA,NA,NA,NA,NA,
2001_HA1X170,Postzygotics-hybridXgraellsii,1,1,NA,NA,NA,NA,
2001_HB4XH33,Postzygotics-hybridXelegans,0,NA,NA,NA,NA,NA,
2001_HA9XF62,Postzygotics-hybridXelegans,0,NA,NA,NA,NA,NA,
2001_HA3XH33,Postzygotics-hybridXelegans,0,NA,NA,NA,NA,NA,
2001_HA1XHA10,Postzygotics-hybridXhybrid,0,NA,NA,NA,NA,NA,
2001_HA6XHB6,Postzygotics-hybridXhybrid,0,NA,NA,NA,NA,NA,
2001_HA4XHA5,Postzygotics-hybridXhybrid,0,NA,NA,NA,NA,NA,
2001_HA4XHB3,Postzygotics-hybridXhybrid,0,NA,NA,NA,NA,NA,
2001_221X198,Conspecifics-graellsiiXgraellsii,1,0,NA,NA,NA,NA,
2001_HC10XGC8,Postzygotics-hybridXgraellsii,0,NA,NA,NA,NA,NA,
2001_HC9XA17.1,Postzygotics-hybridXelegans,0,NA,NA,NA,NA,NA,
2001_HD4XA17.1,Postzygotics-hybridXelegans,0,NA,NA,NA,NA,NA,
2001_H1.4XHF1,Postzygotics-hybridXhybrid,0,NA,NA,NA,NA,NA,
2001_HC1XGB5,Postzygotics-hybridXgraellsii,0,NA,NA,NA,NA,NA,
2001_HG3XHE3,Postzygotics-hybridXhybrid,0,NA,NA,NA,NA,NA,
2001_HC15XHE4,Postzygotics-hybridXhybrid,0,NA,NA,NA,NA,NA,
2001_HG3XHE4,Postzygotics-hybridXhybrid,0,NA,NA,NA,NA,NA,
2001_HG3XHF6,Postzygotics-hybridXhybrid,0,NA,NA,NA,NA,NA,
2001_O7X119.1,Conspecifics-elegansXelegans,1,1,NA,NA,NA,NA,
2001_HC18XE17.6,Postzygotics-hybridXelegans,0,NA,NA,NA,NA,NA,
2001_HC18XHF10,Postzygotics-hybridXhybrid,1,0,NA,NA,NA,NA,
2001_O6XE17.6,Conspecifics-elegansXelegans,0,NA,NA,NA,NA,NA,
2001_O6XHF7,Postzygotics-elegansXhybrid,1,1,NA,NA,NA,NA,
2001_E17.5XHF10,Postzygotics-elegansXhybrid,1,0,NA,NA,NA,NA,
2001_E17.7XHF10,Postzygotics-elegansXhybrid,1,1,NA,NA,NA,NA,
2001_HF8XHC19,Postzygotics-hybridXhybrid,0,NA,NA,NA,NA,NA,
2001_E17.5XE17.6,Conspecifics-elegansXelegans,0,NA,NA,NA,NA,NA,
2001_O7X119.2,Conspecifics-elegansXelegans,1,1,NA,NA,NA,NA,
2001_HF13XHC20,Postzygotics-hybridXhybrid,0,NA,NA,NA,NA,NA,
2001_HF12XHC20,Postzygotics-hybridXhybrid,0,NA,NA,NA,NA,NA,
2001_HF13XHF14,Postzygotics-hybridXhybrid,0,NA,NA,NA,NA,NA,
2001_HF12XHC19,Postzygotics-hybridXhybrid,0,NA,NA,NA,NA,NA,
2001_HF16XHC20,Postzygotics-hybridXhybrid,0,NA,NA,NA,NA,NA,
2001_IN5XHC20,Postzygotics-elegansXhybrid,1,1,NA,NA,NA,NA,
2001_HC12XHC19,Postzygotics-hybridXhybrid,0,NA,NA,NA,NA,NA,
2001_HF12XHF18,Postzygotics-hybridXhybrid,0,NA,NA,NA,NA,NA,
2001_HF17XH3.5,Postzygotics-hybridXhybrid,1,0,NA,NA,NA,NA,
2001_HF17XHD15,Postzygotics-hybridXhybrid,1,1,NA,NA,NA,NA,
2001_25XHF22,Postzygotics-graellsiiXhybrid,0,NA,NA,NA,NA,NA,
2001_6X14.4.2,Heterospecifics-graellsiiXelegans,0,NA,NA,NA,NA,NA,
2001_7X14.4.1,Heterospecifics-graellsiiXelegans,0,NA,NA,NA,NA,NA,
2001_2X14.4.1,Heterospecifics-graellsiiXelegans,1,0,NA,NA,NA,NA,
2001_8XHF22,Postzygotics-graellsiiXhybrid,0,NA,NA,NA,NA,NA,
2001_21X14.4.1,Heterospecifics-graellsiiXelegans,0,NA,NA,NA,NA,NA,
2001_24XHF22,Postzygotics-graellsiiXhybrid,1,0,NA,NA,NA,NA,
2001_19X14.4.1,Heterospecifics-graellsiiXelegans,0,NA,NA,NA,NA,NA,
2001_19XHF22,Postzygotics-graellsiiXhybrid,0,NA,NA,NA,NA,NA,
2001_27X14.4.1,Heterospecifics-graellsiiXelegans,0,NA,NA,NA,NA,NA,
2001_24X14.4.1,Heterospecifics-graellsiiXelegans,0,NA,NA,NA,NA,NA,
2001_19X14.4.2,Heterospecifics-graellsiiXelegans,0,NA,NA,NA,NA,NA,
2001_32X14.4.1,Heterospecifics-graellsiiXelegans,0,NA,NA,NA,NA,NA,
2001_32X14.4.2,Heterospecifics-graellsiiXelegans,0,NA,NA,NA,NA,NA,
2001_27XHF22,Postzygotics-graellsiiXhybrid,0,NA,NA,NA,NA,NA,
2001_32XHF22,Postzygotics-graellsiiXhybrid,0,NA,NA,NA,NA,NA,
2001_23X14.4.2,Heterospecifics-graellsiiXelegans,0,NA,NA,NA,NA,NA,
2001_27X14.4.2,Heterospecifics-graellsiiXelegans,0,NA,NA,NA,NA,NA,
2001_15X14.4.2,Heterospecifics-graellsiiXelegans,0,NA,NA,NA,NA,NA,
2001_IN13XHD16,Postzygotics-elegansXhybrid,1,1,NA,NA,NA,NA,
2001_50X68,Conspecifics-elegansXelegans,1,1,NA,NA,NA,NA,
2001_51X96,Heterospecifics-elegansXgraellsii,1,1,NA,NA,NA,NA,
2001_136X133,Conspecifics-graellsiiXgraellsii,1,0,NA,NA,NA,NA,
2001_R17XH4.27,Postzygotics-elegansXhybrid,1,1,NA,NA,NA,NA,
2001_T2XH4.28,Postzygotics-elegansXhybrid,1,1,NA,NA,NA,NA,
2001_R14XH4.26,Postzygotics-elegansXhybrid,1,1,NA,NA,NA,NA,
2001_H5.19XH4.25,Postzygotics-hybridXhybrid,1,1,NA,NA,NA,NA,
2001_H5.23XU4,Postzygotics-hybridXelegans,1,0,NA,NA,NA,NA,
2001_H5.16XR12,Postzygotics-hybridXelegans,1,1,NA,NA,NA,NA,
2001_H5.14XH4.24,Postzygotics-hybridXhybrid,1,1,NA,NA,NA,NA,
2001_T1XH4.29,Postzygotics-elegansXhybrid,1,1,NA,NA,NA,NA,
2001_R14XH5.24,Postzygotics-elegansXhybrid,1,1,NA,NA,NA,NA,
2001_H5.19XR10,Postzygotics-hybridXelegans,0,NA,NA,NA,NA,NA,
2001_H5.19XU4,Postzygotics-hybridXelegans,1,1,NA,NA,NA,NA,
2001_H5.25XR10,Postzygotics-hybridXelegans,0,NA,NA,NA,NA,NA,
2001_212XR85,Heterospecifics-graellsiiXelegans,1,1,NA,NA,NA,NA,
2001_211XT9,Heterospecifics-graellsiiXelegans,1,1,NA,NA,NA,NA,
2001_213XR68,Heterospecifics-graellsiiXelegans,1,1,NA,NA,NA,NA,
2001_H7.3XT11,Postzygotics-hybridXelegans,1,0,NA,NA,NA,NA,
2001_H7.4XR89,Postzygotics-hybridXelegans,1,0,NA,NA,NA,NA,
2001_211XT1c,Heterospecifics-graellsiiXelegans,0,NA,NA,NA,NA,NA,
2001_0.3XHF3,Postzygotics-elegansXhybrid,NA,NA,2,263.5,0.634,527,
2001_0.6XHF7,Postzygotics-elegansXhybrid,NA,NA,3,204,0.673,612,
2001_118X128,Heterospecifics-graellsiiXelegans,NA,NA,3,132.333,0.62,397,
2001_135XH5.6,Postzygotics-elegansXhybrid,NA,NA,2,205.667,0.605,617,
2001_136XH5.5,Postzygotics-elegansXhybrid,NA,NA,3,207.667,0.61,623,
2001_144.8XHB.8,Postzygotics-elegansXhybrid,NA,NA,3,162.667,0.273,488,
2001_211XT9,Heterospecifics-graellsiiXelegans,NA,NA,3,137,0.786,411,
2001_212XR.85,Heterospecifics-graellsiiXelegans,NA,NA,3,132.667,0.834,398,
2001_22XA50,Conspecifics-graellsiiXgraellsii,NA,NA,3,127.333,0.974,382,
2001_34XA49,Conspecifics-graellsiiXgraellsii,NA,NA,1,9.667,0.897,29,
2001_35XA56,Conspecifics-graellsiiXgraellsii,NA,NA,3,265.333,0.896,796,
2001_50X90I,Heterospecifics-elegansXgraellsii,NA,NA,2,1.333,0,4,
2001_51X96I,Heterospecifics-elegansXgraellsii,NA,NA,3,167.333,0.807,502,
2001_61XA57,Conspecifics-graellsiiXgraellsii,NA,NA,3,102.667,0.951,308,
2001_A.1X130,Heterospecifics-elegansXgraellsii,NA,NA,2,95,0.214,285,
2001_B.10X43,Heterospecifics-elegansXgraellsii,NA,NA,3,246.333,0.869,739,
2001_D.17XE17,Conspecifics-elegansXelegans,NA,NA,1,100,0.613,300,
2001_D.2X238,Heterospecifics-elegansXgraellsii,NA,NA,0,NA,NA,NA,
2001_D5.3X234,Heterospecifics-elegansXgraellsii,NA,NA,3,78.333,0.885,235,
2001_E.17.5XHF10,Postzygotics-elegansXhybrid,NA,NA,2,12.5,0.48,25,
2001_F.8XD7.1,Conspecifics-elegansXelegans,NA,NA,3,170.667,0.783,512,
2001_F5.1X235,Heterospecifics-elegansXgraellsii,NA,NA,1,72.667,0.752,218,
2001_F8.1X233,Heterospecifics-elegansXgraellsii,NA,NA,3,211,0.91,633,
2001_F8.2X237,Heterospecifics-elegansXgraellsii,NA,NA,0,NA,NA,NA,
2001_F8.3XK9.1,Conspecifics-elegansXelegans,NA,NA,3,52.667,0.759,158,
2001_H.11X41,Heterospecifics-elegansXgraellsii,NA,NA,2,19,1,57,
2001_H.14X46,Heterospecifics-elegansXgraellsii,NA,NA,2,100.667,0.934,302,
2001_H.A.4XA170,Postzygotics-hybridXgraellsii,NA,NA,2,77,0.565,154,
2001_H.B.2XA163,Postzygotics-hybridXgraellsii,NA,NA,3,304,0.749,912,
2001_H4.11XH4.14,Postzygotics-hybridXhybrid,NA,NA,3,244,0.764,732,
2001_H4.11XH4.7,Postzygotics-hybridXhybrid,NA,NA,3,133,0.654,399,
2001_H4.20XH4.15,Postzygotics-hybridXhybrid,NA,NA,3,170.333,0.618,511,
2001_H4.4XH4.3,Postzygotics-hybridXhybrid,NA,NA,3,206.667,0.639,620,
2001_H4.5XH4.9,Postzygotics-hybridXhybrid,NA,NA,3,247.333,0.756,742,
2001_H4.6XH4.2,Postzygotics-hybridXhybrid,NA,NA,1,139,0.432,139,
2001_H5.15XH4.24,Postzygotics-hybridXhybrid,NA,NA,2,104.333,0.534,313,
2001_H5.33X4.24,Postzygotics-hybridXelegans,NA,NA,3,38.333,0,115,
2001_H5.33XU.24,Postzygotics-hybridXelegans,NA,NA,4,33.5,0,134,
2001_H5.3X119,Postzygotics-hybridXgraellsii,NA,NA,3,23.667,0.268,71,
2001_H5.3XH5.9,Postzygotics-hybridXhybrid,NA,NA,3,150.333,0.865,451,
2001_H5.7XH4.16,Postzygotics-hybridXhybrid,NA,NA,3,77.333,0.759,232,
2001_H5.8XR.4,Postzygotics-hybridXelegans,NA,NA,2,201,0.9,603,
2001_J.?XJ47,Conspecifics-elegansXelegans,NA,NA,0,NA,NA,NA,
2001_J.1X3,Heterospecifics-elegansXgraellsii,NA,NA,2,213.667,0.66,641,
2001_J.1X5,Heterospecifics-elegansXgraellsii,NA,NA,2,112.333,0.703,337,
2001_J.38XF42,Conspecifics-elegansXelegans,NA,NA,1,104.5,0.737,209,
2001_J.39XH13,Conspecifics-elegansXelegans,NA,NA,3,245.667,0.934,737,
2001_J.39XJ57,Conspecifics-elegansXelegans,NA,NA,1,226,0.925,226,
2001_J.3X90I,Heterospecifics-elegansXgraellsii,NA,NA,0,NA,NA,NA,
2001_J.43XL38,Conspecifics-elegansXelegans,NA,NA,2,290,0.921,580,
2001_J.49X47,Heterospecifics-elegansXgraellsii,NA,NA,3,29,0.575,87,
2001_J.49XM31,Conspecifics-elegansXelegans,NA,NA,3,415.333,0.954,1246,
2001_J.5.1XJ27.1,Conspecifics-elegansXelegans,NA,NA,0,NA,NA,NA,
2001_L.39X31,Heterospecifics-elegansXgraellsii,NA,NA,0,NA,NA,NA,
2001_R.12XH5.26,Postzygotics-elegansXhybrid,NA,NA,0,NA,NA,0,
2001_R.14XH4.26,Postzygotics-elegansXhybrid,NA,NA,3,211,0.853,633,
2001_R.14XH5.24,Postzygotics-elegansXhybrid,NA,NA,2,8.333,0.68,25,
2001_R.17XH4.27,Postzygotics-elegansXhybrid,NA,NA,2,38.667,0.879,116,
2001_T1XH4.29,Postzygotics-elegansXhybrid,NA,NA,3,178.333,0.725,535,
2001_T2XH4.28,Postzygotics-elegansXhybrid,NA,NA,3,250.667,0.801,752,
2001_X.8XH7.8,Postzygotics-elegansXhybrid,NA,NA,2,201,0.915,603,
2019_B.1XA.12,Heterospecifics-elegansXgraellsii,1,1,3,215.3333333,0.973684211,646,
2019_A.20XA.13,Conspecifics-graellsiiXgraellsii,1,1,3,11,0,33,
2019_B.1XA.14,Heterospecifics-elegansXgraellsii,0,NA,NA,NA,NA,NA,
2019_B.1XA.1,Heterospecifics-elegansXgraellsii,1,0,NA,NA,NA,NA,
2019_B.2XA.1,Heterospecifics-elegansXgraellsii,1,0,NA,NA,NA,NA,
2019_B.1XA.2,Heterospecifics-elegansXgraellsii,1,0,NA,NA,NA,NA,
2019_B.3XA.2,Heterospecifics-elegansXgraellsii,1,1,NA,NA,NA,NA,
2019_B.6XA.2,Heterospecifics-elegansXgraellsii,1,0,NA,NA,NA,NA,
2019_B.7XA.2,Heterospecifics-elegansXgraellsii,1,0,NA,NA,NA,NA,
2019_B.1XA.3,Heterospecifics-elegansXgraellsii,1,0,NA,NA,NA,NA,
2019_B.3XA.3,Heterospecifics-elegansXgraellsii,1,0,NA,NA,NA,NA,
2019_B.6XA.3,Heterospecifics-elegansXgraellsii,1,1,3,179.3333333,0.994423792,538,
2019_A.22XA.4,Conspecifics-graellsiiXgraellsii,1,1,3,33.33333333,0.97,100,
2019_B.4XA.6,Heterospecifics-elegansXgraellsii,1,1,NA,NA,NA,NA,
2019_B.7XA.6,Heterospecifics-elegansXgraellsii,0,NA,NA,NA,NA,NA,
2019_B.9XA.6,Heterospecifics-elegansXgraellsii,0,NA,NA,NA,NA,NA,
2019_A.23XA.7,Conspecifics-graellsiiXgraellsii,1,1,3,9.333333333,0,28,
2019_B.1XA.8,Heterospecifics-elegansXgraellsii,0,NA,NA,NA,NA,NA,
2019_B.7XA.8,Heterospecifics-elegansXgraellsii,0,NA,NA,NA,NA,NA,
2019_B.9XA.8,Heterospecifics-elegansXgraellsii,1,1,3,16.66666667,0,50,
2019_A.21XA.9,Conspecifics-graellsiiXgraellsii,1,1,3,146.6666667,0.981818182,440,
2019_B.22XA.11,Heterospecifics-elegansXgraellsii,1,1,3,220.6666667,0.824773414,662,
2019_B.25XA.14,Heterospecifics-elegansXgraellsii,1,1,2,108,0.904320988,324,
2019_B.25XA.5,Heterospecifics-elegansXgraellsii,0,NA,NA,NA,NA,NA,
2019_B.1XB.13,Conspecifics-elegansXelegans,1,1,3,121.6666667,0.98630137,365,
2019_B.1XB.14,Conspecifics-elegansXelegans,1,1,NA,NA,NA,NA,
2019_B.9XB.14,Conspecifics-elegansXelegans,0,NA,NA,NA,NA,NA,
2019_B.1XB.15,Conspecifics-elegansXelegans,1,0,NA,NA,NA,NA,
2019_B.1XB.17,Conspecifics-elegansXelegans,1,0,NA,NA,NA,NA,
2019_B.9XB.17,Conspecifics-elegansXelegans,1,0,NA,NA,NA,NA,
2019_B.9XB.18,Conspecifics-elegansXelegans,1,1,NA,NA,NA,NA,
2019_B.1XB.19,Conspecifics-elegansXelegans,1,0,NA,NA,NA,NA,
2019_B.8XB.19,Conspecifics-elegansXelegans,0,NA,NA,NA,NA,NA,
2019_B.9XB.19,Conspecifics-elegansXelegans,0,NA,NA,NA,NA,NA,
2019_B.1XB.20,Conspecifics-elegansXelegans,0,NA,NA,NA,NA,NA,
2019_B.9XB.20,Conspecifics-elegansXelegans,0,NA,NA,NA,NA,NA,
2019_B.1XB.8,Conspecifics-elegansXelegans,1,0,NA,NA,NA,NA,
2019_B.31XB.11,Conspecifics-elegansXelegans,1,1,NA,NA,NA,NA,
2019_B.8XB.15,Conspecifics-elegansXelegans,NA,NA,3,193,0.357512953,579,
2019_B.26XB.16 ,Conspecifics-elegansXelegans,0,NA,NA,NA,NA,NA,
2019_B.25XB.16,Conspecifics-elegansXelegans,1,1,NA,NA,NA,NA,
2019_B.38XA.24,Heterospecifics-elegansXgraellsii,1,1,NA,NA,NA,NA,
2019_B.32XA.25,Heterospecifics-elegansXgraellsii,1,1,3,6.333333333,0,19,
2019_B.32XA.26,Heterospecifics-elegansXgraellsii,1,1,3,1,0.666666667,3,
2019_B.37XA.26,Heterospecifics-elegansXgraellsii,0,NA,NA,NA,NA,NA,
2019_B.35XA.27,Heterospecifics-elegansXgraellsii,1,1,3,15.66666667,0.106382979,47,
2019_B.41XA.27,Heterospecifics-elegansXgraellsii,1,1,3,15.66666667,0.106382979,47,
2019_B.33XA.28,Heterospecifics-elegansXgraellsii,1,1,NA,NA,NA,NA,
2019_B.32XA.29,Heterospecifics-elegansXgraellsii,1,1,1,3.333333333,0.1,10,
2019_B.35XA.29,Heterospecifics-elegansXgraellsii,0,NA,NA,NA,NA,NA,
2019_B.37XA.29,Heterospecifics-elegansXgraellsii,0,NA,NA,NA,NA,NA,
2019_B.39XA.30,Heterospecifics-elegansXgraellsii,1,1,3,160,0.93125,480,
2019_B.32XA.31,Heterospecifics-elegansXgraellsii,1,1,NA,NA,NA,NA,
2019_B.35XA.31,Heterospecifics-elegansXgraellsii,1,1,3,183.3333333,0.985454545,550,
2019_B.42XC.10,Heterospecifics-elegansXgraellsii,1,0,NA,NA,NA,NA,
2019_B.53XC.10,Heterospecifics-elegansXgraellsii,1,0,NA,NA,NA,NA,
2019_B.53XC.11,Heterospecifics-elegansXgraellsii,1,1,3,174.3333333,0.829827916,523,
2019_B.50XC.13,Heterospecifics-elegansXgraellsii,1,1,3,27.66666667,0.975903614,83,
2019_B.52XC.14,Heterospecifics-elegansXgraellsii,1,1,3,182.6666667,0.127737226,548,
2019_B.55XC.18,Heterospecifics-elegansXgraellsii,1,1,3,248.3333333,0.958389262,745,
2019_B.49XC.19,Heterospecifics-elegansXgraellsii,1,1,NA,NA,NA,NA,
2019_B.49XC.1,Heterospecifics-elegansXgraellsii,1,1,3,179,0.834264432,537,
2019_B.47XC.2,Heterospecifics-elegansXgraellsii,1,1,NA,NA,NA,NA,
2019_B.53XC.2,Heterospecifics-elegansXgraellsii,0,NA,NA,NA,NA,NA,
2019_B.56XC.2,Heterospecifics-elegansXgraellsii,0,NA,NA,NA,NA,NA,
2019_B.53XC.3,Heterospecifics-elegansXgraellsii,0,NA,NA,NA,NA,NA,
2019_B.47XC.6,Heterospecifics-elegansXgraellsii,1,1,0,NA,NA,NA,
2019_B.50XC.9,Heterospecifics-elegansXgraellsii,1,0,NA,NA,NA,NA,
2019_B.33XB.61,Conspecifics-elegansXelegans,1,1,0,NA,NA,NA,
2019_B.36XB.62,Conspecifics-elegansXelegans,1,1,3,105,0.965079365,315,
2019_C.26XB.63,Heterospecifics-graellsiiXelegans,0,NA,NA,NA,NA,NA,
2019_C.24XB.64,Heterospecifics-graellsiiXelegans,0,NA,NA,NA,NA,NA,
2019_C.26XB.64,Heterospecifics-graellsiiXelegans,0,NA,NA,NA,NA,NA,
2019_C.28XB.64,Heterospecifics-graellsiiXelegans,1,0,NA,NA,NA,NA,
2019_C.31XB.64,Heterospecifics-graellsiiXelegans,0,NA,NA,NA,NA,NA,
2019_C.23XB.65,Heterospecifics-graellsiiXelegans,0,NA,NA,NA,NA,NA,
2019_C.25XB.65,Heterospecifics-graellsiiXelegans,0,NA,NA,NA,NA,NA,
2019_C.31XB.65,Heterospecifics-graellsiiXelegans,0,NA,NA,NA,NA,NA,
2019_C.25XB.66,Heterospecifics-graellsiiXelegans,0,NA,NA,NA,NA,NA,
2019_B.76XB.67,Conspecifics-elegansXelegans,1,1,3,90.66666667,0.970588235,272,
2019_C.21XB.68,Heterospecifics-graellsiiXelegans,0,NA,NA,NA,NA,NA,
2019_C.23XB.68,Heterospecifics-graellsiiXelegans,0,NA,NA,NA,NA,NA,
2019_C.25XB.68,Heterospecifics-graellsiiXelegans,0,NA,NA,NA,NA,NA,
2019_C.26XB.68,Heterospecifics-graellsiiXelegans,0,NA,NA,NA,NA,NA,
2019_C.3XB.69,Heterospecifics-graellsiiXelegans,0,NA,NA,NA,NA,NA,
2019_C.2XB.70,Heterospecifics-graellsiiXelegans,0,NA,NA,NA,NA,NA,
2019_C.33XB.71,Heterospecifics-graellsiiXelegans,0,NA,NA,NA,NA,NA,
2019_B.77XB.72,Conspecifics-elegansXelegans,1,1,2,111.5,0.968609865,223,
2019_C.28XB.72,Heterospecifics-graellsiiXelegans,0,NA,NA,NA,NA,NA,
2019_C.31XB.73,Heterospecifics-graellsiiXelegans,0,NA,NA,NA,NA,NA,
2019_B.45XC.10,Heterospecifics-elegansXgraellsii,0,NA,NA,NA,NA,NA,
2019_B.47XC.10,Heterospecifics-elegansXgraellsii,1,0,NA,NA,NA,NA,
2019_B.75XC.10,Heterospecifics-elegansXgraellsii,1,1,3,137,0.880778589,411,
2019_B.52XC.12,Heterospecifics-elegansXgraellsii,1,1,NA,NA,NA,NA,
2019_B.49XC.17,Heterospecifics-elegansXgraellsii,1,1,3,160.6666667,1,482,
2019_B.45XC.2,Heterospecifics-elegansXgraellsii,1,1,3,105.3333333,0.844936709,316,
2019_B.78XC.4,Heterospecifics-elegansXgraellsii,1,1,3,172.6666667,0.855212355,518,
2019_B.33XC.5,Heterospecifics-elegansXgraellsii,1,1,3,195.6666667,0.957410562,587,
2019_B.52XC.8,Heterospecifics-elegansXgraellsii,1,1,1,3.333333333,0.1,10,
2019_B.33XC.9,Heterospecifics-elegansXgraellsii,1,0,NA,NA,NA,NA,
2019_B.43XC.9,Heterospecifics-elegansXgraellsii,1,1,NA,NA,NA,NA,
2019_B.2XB.1,Postzygotics-hybridXhybrid,1,1,NA,NA,NA,NA,
2019_3.1XC.2,Postzygotics-elegansXhybrid,1,1,1,369,NA,369,
2019_3.1XC.3,Postzygotics-elegansXhybrid,0,NA,NA,NA,NA,NA,
2019_B.4XC.3,Postzygotics-hybridXhybrid,1,1,NA,NA,NA,NA,
2019_1.3X1.2,Conspecifics-graellsiiXgraellsii,1,1,NA,NA,NA,NA,
2019_1.9X1.4,Conspecifics-graellsiiXgraellsii,1,1,3,88.66666667,NA,266,
2019_1.1X1.6,Conspecifics-graellsiiXgraellsii,1,1,2,54.5,NA,109,
2019_3.5X3.2,Conspecifics-elegansXelegans,1,1,NA,NA,NA,NA,
2019_A.3XB.5,Postzygotics-hybridXhybrid,1,1,1,124.6666667,NA,374,
2019_C.5XB.7,Postzygotics-hybridXhybrid,1,1,3,18.66666667,NA,56,
2019_C.10XC.3,Postzygotics-hybridXhybrid,1,1,0,0,NA,0,
2019_B.6XC.4,Postzygotics-hybridXhybrid,1,1,3,323.6666667,NA,971,
2019_A.9X1.11,Postzygotics-hybridXgraellsii,1,1,3,100.6666667,NA,302,
2019_A.2X1.14,Postzygotics-hybridXgraellsii,1,1,NA,NA,NA,NA,
2019_B.6X1.8,Postzygotics-hybridXgraellsii,1,1,3,148.6666667,NA,446,
2019_C.6X2.11,Postzygotics-hybridXgraellsii,1,0,NA,NA,NA,NA,
2019_3.5X3.6,Conspecifics-elegansXelegans,0,NA,NA,NA,NA,NA,
2019_3.9XA.4,Postzygotics-elegansXhybrid,1,1,3,108.6666667,NA,326,
2019_3.4XA.9,Postzygotics-elegansXhybrid,1,1,2,244.3333333,NA,733,
2019_4.3XC.7,Postzygotics-elegansXhybrid,1,1,2,136,NA,272,
2019_A.9XC.9,Postzygotics-hybridXhybrid,0,NA,NA,NA,NA,NA,
2019_B.6XC.9,Postzygotics-hybridXhybrid,1,1,3,162.3333333,NA,487,
2019_2.4X1.2,Conspecifics-graellsiiXgraellsii,1,1,NA,NA,NA,NA,
2019_3.4X3.6,Conspecifics-elegansXelegans,1,1,3,147,NA,441,
2019_3.5X4.2,Conspecifics-elegansXelegans,1,0,NA,NA,NA,NA,
2019_1.18X1.17,Conspecifics-graellsiiXgraellsii,1,1,2,49.33333333,NA,148,
2019_3.17X3.10,Conspecifics-elegansXelegans,1,1,2,61.66666667,NA,185,
2019_4.12X3.19,Conspecifics-elegansXelegans,1,1,3,82.33333333,NA,247,
2019_3.9X4.5,Conspecifics-elegansXelegans,1,1,NA,NA,NA,NA,
2019_3.4XB.10,Postzygotics-elegansXhybrid,1,1,2,2,NA,6,
2019_1.27X1.20,Conspecifics-graellsiiXgraellsii,1,1,3,180.3333333,NA,541,
2019_3.16X2.5,Heterospecifics-elegansXgraellsii,1,1,3,221.3333333,NA,664,
2019_3.21X3.13,Conspecifics-elegansXelegans,NA,NA,2,125.6666667,NA,377,
2019_A.12X3.13,Postzygotics-hybridXelegans,1,0,NA,NA,NA,NA,
2019_2.6X2.8,Conspecifics-graellsiiXgraellsii,NA,NA,1,153.6666667,NA,461,
2019_A.27XB.12,Postzygotics-hybridXhybrid,NA,NA,3,9.666666667,NA,29,
2019_A.29XC.26,Postzygotics-hybridXhybrid,NA,NA,1,13,NA,26,
2019_A.27XC.27,Postzygotics-hybridXhybrid,NA,NA,1,1.666666667,NA,5,
2019_A.29XA.20,Postzygotics-hybridXhybrid,NA,NA,2,35.66666667,NA,107,
2019_4.12XA.28,Postzygotics-elegansXhybrid,0,NA,NA,NA,NA,NA,
2019_4.12XA.29,Postzygotics-elegansXhybrid,0,NA,NA,NA,NA,NA,
2019_A.31XA.30,Postzygotics-hybridXhybrid,NA,NA,2,38.33333333,NA,115,
2019_C.25XC.30,Postzygotics-hybridXhybrid,NA,NA,2,101.3333333,NA,304,
2019_A.29X2.15,Postzygotics-hybridXgraellsii,NA,NA,2,109,NA,327,
2019_4.12XC.29,Postzygotics-elegansXhybrid,NA,NA,2,190.3333333,NA,571,
2019_2.23X1.29,Conspecifics-graellsiiXgraellsii,NA,NA,3,33.66666667,NA,101,
2019_3.27X3.34,Conspecifics-elegansXelegans,NA,NA,2,110.6666667,NA,332,
2019_2.23X2.22,Conspecifics-graellsiiXgraellsii,NA,NA,2,198.6666667,NA,596,
2019_2.23X2.24,Conspecifics-graellsiiXgraellsii,NA,NA,2,143.3333333,NA,430,
2019_3.27X3.31,Conspecifics-elegansXelegans,NA,NA,2,5,NA,10,
2019_3.43X3.37,Conspecifics-elegansXelegans,NA,NA,0,0,NA,0,
2019_3.43X4.22,Conspecifics-elegansXelegans,NA,NA,0,0,NA,0,
2019_C.40XA.25,Postzygotics-hybridXhybrid,NA,NA,1,38.66666667,NA,116,
2019_3.27X4.33,Conspecifics-elegansXelegans,NA,NA,1,0.5,NA,1,
2019_L.1XK.2,Postzygotics-hybridXhybrid,1,1,0,0,NA,0,
2019_L.1XK.6,Postzygotics-hybridXhybrid,1,1,2,54,0.395061728,162,
2019_K.7XK.8,Postzygotics-hybridXhybrid,1,1,3,88.33333333,0.037735849,265,
2019_K.7XK.12,Postzygotics-hybridXhybrid,1,1,2,64,0.026041667,192,
2019_L.1XK.9,Postzygotics-hybridXhybrid,1,1,0,0,NA,0,
2019_A.1XL.2,Postzygotics-elegansXhybrid,1,1,2,1,1,3,
2019_A.3XN.1,Postzygotics-elegansXhybrid,1,1,0,0,NA,0,
2019_K.7XK.13,Postzygotics-hybridXhybrid,1,1,NA,NA,NA,NA,
2019_K.14XB.1,Postzygotics-hybridXelegans,0,NA,NA,NA,NA,NA,
2019_K.7XB.1,Postzygotics-hybridXelegans,0,NA,NA,NA,NA,NA,
2019_K.10XK.17,Postzygotics-hybridXhybrid,1,1,2,28.66666667,0.430232558,86,
2019_K.19XB.1,Postzygotics-hybridXelegans,0,NA,NA,NA,NA,NA,
2019_L.3XB.1,Postzygotics-hybridXelegans,0,NA,NA,NA,NA,NA,
2019_L4XA.8,Postzygotics-hybridXelegans,1,1,2,141,0.983451537,423,
2019_A.10XK.16,Postzygotics-elegansXhybrid,1,1,1,16.66666667,0.26,50,
2019_A.9XK.20,Postzygotics-elegansXhybrid,1,0,NA,NA,NA,NA,
2019_A.10XK.21,Postzygotics-elegansXhybrid,0,NA,NA,NA,NA,NA,
2019_D.2XK.21,Postzygotics-graellsiiXhybrid,1,1,3,38.66666667,0.137931034,116,
2019_A.10XB.2,Conspecifics-elegansXelegans,1,1,1,113.3333333,0.991176471,340,
2019_A.7XF.1,Postzygotics-hybridXelegans,0,NA,NA,NA,NA,NA,
2019_A.9XF.1,Postzygotics-hybridXelegans,1,1,1,1.333333333,0,4,
2019_K.15XQ.1,Postzygotics-hybridXhybrid,1,1,3,60.66666667,0.302197802,182,
2019_A.10XR.1,Postzygotics-elegansXhybrid,1,1,0,0,NA,0,
2019_L.7XN.2,Postzygotics-hybridXhybrid,0,NA,NA,NA,NA,NA,
2019_A.19XB.4,Conspecifics-elegansXelegans,1,1,NA,NA,NA,NA,
2019_A19XA.21,Conspecifics-elegansXelegans,1,1,3,97.33333333,0.98630137,292,
2019_I.11XI.10,Postzygotics-hybridXhybrid,1,1,3,15.33333333,0,46,
2019_B.5XT.1,Postzygotics-elegansXhybrid,1,1,3,51,0.68627451,153,
2019_B.5XA.25,Conspecifics-elegansXelegans,1,1,2,182.6666667,0.972627737,548,
2019_K.26XE.5,Postzygotics-hybridXgraellsii,1,1,1,83.33333333,0.072,250,
2019_B10XA30,Heterospecifics-elegansXgraellsii,1,1,NA,NA,NA,NA,
2019_B10XA40,Heterospecifics-elegansXgraellsii,1,1,NA,NA,NA,NA,
2019_B10XA44,Heterospecifics-elegansXgraellsii,1,1,NA,NA,NA,NA,
2019_B11XA33,Heterospecifics-elegansXgraellsii,1,1,NA,NA,NA,NA,
2019_B11XA39,Heterospecifics-elegansXgraellsii,1,1,NA,NA,NA,NA,
2019_B11XA42,Heterospecifics-elegansXgraellsii,1,0,NA,NA,NA,NA,
2019_B11XA43,Heterospecifics-elegansXgraellsii,1,1,NA,NA,NA,NA,
2019_B12XA28,Heterospecifics-elegansXgraellsii,1,1,NA,NA,NA,NA,
2019_B12XA29,Heterospecifics-elegansXgraellsii,0,NA,NA,NA,NA,NA,
2019_B12XA30,Heterospecifics-elegansXgraellsii,1,0,NA,NA,NA,NA,
2019_B12XA41,Heterospecifics-elegansXgraellsii,0,NA,NA,NA,NA,NA,
2019_B12XA42,Heterospecifics-elegansXgraellsii,1,1,NA,NA,NA,NA,
2019_B12XA45,Heterospecifics-elegansXgraellsii,1,1,NA,NA,NA,NA,
2019_B9XA23,Heterospecifics-elegansXgraellsii,1,1,NA,NA,NA,NA,
2019_B9XA33,Heterospecifics-elegansXgraellsii,0,NA,NA,NA,NA,NA,
2019_B9XA35,Heterospecifics-elegansXgraellsii,1,1,NA,NA,NA,NA,
2019_B9XA57,Heterospecifics-elegansXgraellsii,1,0,NA,NA,NA,NA,
2019_B9XB8,Heterospecifics-graellsiiXelegans,1,1,NA,NA,NA,NA,
2019_B11XB8,Conspecifics-elegansXelegans,1,1,NA,NA,NA,NA,
2019_D5XF1,Postzygotics-elegansXhybrid,1,1,NA,NA,NA,NA,
2019_E1XG3,Postzygotics-elegansXhybrid,1,1,NA,NA,NA,NA,
2019_H1XG4,Postzygotics-elegansXhybrid,1,1,NA,NA,NA,NA,
2019_L16XL48,Conspecifics-elegansXelegans,1,1,NA,NA,NA,NA,
2019_L18XA89,Heterospecifics-elegansXgraellsii,0,NA,NA,NA,NA,NA,
2019_L18XA93,Heterospecifics-elegansXgraellsii,1,1,NA,NA,NA,NA,
2019_L19XA97,Heterospecifics-elegansXgraellsii,1,1,NA,NA,NA,NA,
2019_L20XA99,Heterospecifics-elegansXgraellsii,1,0,NA,NA,NA,NA,
2019_L26XA86,Heterospecifics-elegansXgraellsii,1,1,NA,NA,NA,NA,
2019_L26XA99,Heterospecifics-elegansXgraellsii,1,1,NA,NA,NA,NA,
2019_L26XL01,Conspecifics-elegansXelegans,1,1,NA,NA,NA,NA,
2019_L26XL11,Conspecifics-elegansXelegans,1,1,NA,NA,NA,NA,
2019_L26XL44,Conspecifics-elegansXelegans,1,0,NA,NA,NA,NA,
2019_L30XA93,Heterospecifics-elegansXgraellsii,0,NA,NA,NA,NA,NA,
2019_L35XA89,Heterospecifics-elegansXgraellsii,1,1,NA,NA,NA,NA,
2019_L35XA92,Heterospecifics-elegansXgraellsii,1,1,NA,NA,NA,NA,
2019_L36XA95,Heterospecifics-elegansXgraellsii,1,1,NA,NA,NA,NA,
2019_L36XA98,Heterospecifics-elegansXgraellsii,1,1,NA,NA,NA,NA,
2019_L36XL46,Conspecifics-elegansXelegans,1,1,NA,NA,NA,NA,
2019_L37XA80,Heterospecifics-elegansXgraellsii,0,NA,NA,NA,NA,NA,
2019_L37XC2,Postzygotics-elegansXhybrid,1,1,NA,NA,NA,NA,
2019_L38XL06,Conspecifics-elegansXelegans,1,1,NA,NA,NA,NA,
2019_L50XA101,Heterospecifics-elegansXgraellsii,1,1,NA,NA,NA,NA,
2019_L50XA90,Heterospecifics-elegansXgraellsii,1,1,NA,NA,NA,NA,
2019_L50XA98,Heterospecifics-elegansXgraellsii,0,NA,NA,NA,NA,NA,
2019_L50XL06,Conspecifics-elegansXelegans,1,0,NA,NA,NA,NA,
2019_L50XL43,Conspecifics-elegansXelegans,1,1,NA,NA,NA,NA,
2019_L58XL43,Conspecifics-elegansXelegans,1,0,NA,NA,NA,NA,
2019_L59XA78,Heterospecifics-elegansXgraellsii,1,1,NA,NA,NA,NA,
2019_L59XA92,Heterospecifics-elegansXgraellsii,1,0,NA,NA,NA,NA,
2019_L63XA78,Heterospecifics-elegansXgraellsii,0,NA,NA,NA,NA,NA,
2019_L63XA82,Heterospecifics-elegansXgraellsii,1,1,NA,NA,NA,NA,
2019_L69XA80,Heterospecifics-elegansXgraellsii,1,1,NA,NA,NA,NA,
2019_L69XA92,Heterospecifics-elegansXgraellsii,0,NA,NA,NA,NA,NA,
2019_♀ G56 I x ♂ E56X,Heterospecifics-elegansXgraellsii,NA,NA,2,49,0,98,
2019_♀ G57 I x ♂ E49X,Heterospecifics-elegansXgraellsii,NA,NA,3,8.666666667,0,26,
2019_♀ G58 A x ♂ E51X,Heterospecifics-elegansXgraellsii,NA,NA,3,83.33333333,0.872,250,
2019_♀ G60 I x  ♂ E49X,Heterospecifics-elegansXgraellsii,NA,NA,3,149,0.695749441,447,
2019_♀ G61 I x ♂ E46X,Heterospecifics-elegansXgraellsii,NA,NA,3,197,0.592216582,591,
2019_♀ G62 I x ♂ E49X,Heterospecifics-elegansXgraellsii,NA,NA,2,19,0,38,
2019_♀ G63 I x ♂ E46X,Heterospecifics-elegansXgraellsii,NA,NA,2,200.5,0.87032419,401,
2019_♀ G64 I x  ♂ E49X,Heterospecifics-elegansXgraellsii,NA,NA,2,19.5,0,39,
2019_♀ G65 I x ♂ E54X,Heterospecifics-elegansXgraellsii,NA,NA,3,6.666666667,0.45,20,
2019_♀ G67 I x ♂ E49X,Heterospecifics-elegansXgraellsii,NA,NA,0,NA,NA,NA,
2019_♀ G69 O x  ♂ E54X,Heterospecifics-elegansXgraellsii,NA,NA,3,4,0,12,
2019_♀ G70 I x ♂ E46X,Heterospecifics-elegansXgraellsii,NA,NA,2,172,0.625,344,
2019_♀ G71 I x ♂ E54X,Heterospecifics-elegansXgraellsii,NA,NA,1,245,0.73877551,245,
2019_♀ G72 I x ♂ E53X,Heterospecifics-elegansXgraellsii,NA,NA,3,125.3333333,0.622340426,376,
2019_♀ G73 I x ♂ E54X,Heterospecifics-elegansXgraellsii,NA,NA,0,NA,NA,NA,
2019_♀ G74 I  x ♂ E46X,Heterospecifics-elegansXgraellsii,NA,NA,3,246.3333333,0.764546685,739,
2019_1XL50,Heterospecifics-elegansXgraellsii,NA,NA,1,15,0.466666667,15,
2019_2XB9,Heterospecifics-elegansXgraellsii,NA,NA,3,161.3333333,0.568181818,484,
2019_3XB12,Heterospecifics-elegansXgraellsii,NA,NA,3,28.33333333,0.411764706,85,
2019_4XB10,Heterospecifics-elegansXgraellsii,NA,NA,3,50,0.653333333,150,
2019_5XB11,Heterospecifics-elegansXgraellsii,NA,NA,3,7.333333333,0.681818182,22,
2019_6XB9,Heterospecifics-elegansXgraellsii,NA,NA,3,5.666666667,0.588235294,17,
2019_7XB11,Heterospecifics-elegansXgraellsii,NA,NA,3,17,0.450980392,51,
2019_8XB10,Heterospecifics-elegansXgraellsii,NA,NA,3,19,0.385964912,57,
2019_9XB12,Heterospecifics-elegansXgraellsii,NA,NA,3,147,0.433106576,441,
2019_10XB11,Heterospecifics-elegansXgraellsii,NA,NA,3,14,0.833333333,42,
2019_11XB10,Heterospecifics-elegansXgraellsii,NA,NA,3,8.333333333,0.6,25,
2019_12XB12,Heterospecifics-elegansXgraellsii,NA,NA,3,8.333333333,0.48,25,
2019_13XL59,Heterospecifics-elegansXgraellsii,NA,NA,3,8.333333333,0.4,25,
2019_14XL69,Heterospecifics-elegansXgraellsii,NA,NA,3,26,0.692307692,78,
2019_15XL39,Heterospecifics-elegansXgraellsii,NA,NA,3,20.66666667,0.741935484,62,
2019_16XL63,Heterospecifics-elegansXgraellsii,NA,NA,3,15,0.8,45,
2019_17XL26,Heterospecifics-elegansXgraellsii,NA,NA,3,26.66666667,0.375,80,
2019_18XL35,Heterospecifics-elegansXgraellsii,NA,NA,3,40,0.6,120,
2019_19XL50,Heterospecifics-elegansXgraellsii,NA,NA,1,35,0.342857143,35,
2019_20XL35,Heterospecifics-elegansXgraellsii,NA,NA,3,58.33333333,0.56,175,
2019_21XL18,Heterospecifics-elegansXgraellsii,NA,NA,3,18.66666667,0.375,56,
2019_22XL36,Heterospecifics-elegansXgraellsii,NA,NA,3,4,0.5,12,
2019_23XL19,Heterospecifics-elegansXgraellsii,NA,NA,1,35,0.571428571,35,
2019_24XL13,Heterospecifics-elegansXgraellsii,NA,NA,1,42,0.5,42,
2019_25XL26,Heterospecifics-elegansXgraellsii,NA,NA,1,72,0.625,72,
2019_26XB9,Conspecifics-elegansXelegans,NA,NA,3,28.33333333,0.705882353,85,
2019_27XB11,Conspecifics-elegansXelegans,NA,NA,3,32,0.520833333,96,
2019_28XL37,Postzygotics-elegansXhybrid,NA,NA,3,5,0.533333333,15,
2019_29XD5,Postzygotics-elegansXhybrid,NA,NA,3,7.333333333,0.909090909,22,
2019_30XE1,Postzygotics-elegansXhybrid,NA,NA,3,10,0.633333333,30,
2019_31XH1,Postzygotics-elegansXhybrid,NA,NA,3,4.666666667,0.857142857,14,
2019_32XL26,Conspecifics-elegansXelegans,NA,NA,3,50,0.48,150,
2019_33XL35,Conspecifics-elegansXelegans,NA,NA,1,15,0.666666667,15,
2019_34XL38,Conspecifics-elegansXelegans,NA,NA,1,21,0.619047619,21,
2019_35XL26,Conspecifics-elegansXelegans,NA,NA,3,78.33333333,0.765957447,235,
2019_36XL39,Conspecifics-elegansXelegans,NA,NA,1,172,0.569767442,172,
2019_37XL50,Conspecifics-elegansXelegans,NA,NA,1,96,0.4375,96,
2019_38XL16,Conspecifics-elegansXelegans,NA,NA,1,12,0.75,12,
2019_XB24*B10,Conspecifics-elegansXelegans,NA,NA,2,185.5,0.552560647,371,
