Pair,Group,Mechanical-Sucess,Mechanical-Tactile-Success,ClutchesWEggs,EggsPerClutch,Fertility,Fertility_N
B.1XA.12,Heterospecifics-elegansXgraellsii-LaxeXMontalvo,1,1,3,215.3333333,0.9736842,646
A.20XA.13,Conspecifics-graellsiiXgraellsii-MontalvoXMontalvo,1,1,3,11,0.0000000,33
B.1XA.14,Heterospecifics-elegansXgraellsii-LaxeXMontalvo,0,NA,NA,NA,NA,NA
B.1XA.1,Heterospecifics-elegansXgraellsii-LaxeXMontalvo,1,0,NA,NA,NA,NA
B.2XA.1,Heterospecifics-elegansXgraellsii-LaxeXMontalvo,1,0,NA,NA,NA,NA
B.1XA.2,Heterospecifics-elegansXgraellsii-LaxeXMontalvo,1,0,NA,NA,NA,NA
B.3XA.2,Heterospecifics-elegansXgraellsii-LaxeXMontalvo,1,1,NA,NA,NA,NA
B.6XA.2,Heterospecifics-elegansXgraellsii-LaxeXMontalvo,1,0,NA,NA,NA,NA
B.7XA.2,Heterospecifics-elegansXgraellsii-LaxeXMontalvo,1,0,NA,NA,NA,NA
B.1XA.3,Heterospecifics-elegansXgraellsii-LaxeXMontalvo,1,0,NA,NA,NA,NA
B.3XA.3,Heterospecifics-elegansXgraellsii-LaxeXMontalvo,1,0,NA,NA,NA,NA
B.6XA.3,Heterospecifics-elegansXgraellsii-LaxeXMontalvo,1,1,3,179.3333333,0.9944238,538
A.22XA.4,Conspecifics-graellsiiXgraellsii-MontalvoXMontalvo,1,1,3,33.33333333,0.9700000,100
B.4XA.6,Heterospecifics-elegansXgraellsii-LaxeXMontalvo,1,1,NA,NA,NA,NA
B.7XA.6,Heterospecifics-elegansXgraellsii-LaxeXMontalvo,0,NA,NA,NA,NA,NA
B.9XA.6,Heterospecifics-elegansXgraellsii-LaxeXMontalvo,0,NA,NA,NA,NA,NA
A.23XA.7,Conspecifics-graellsiiXgraellsii-MontalvoXMontalvo,1,1,3,9.333333333,0.0000000,28
B.1XA.8,Heterospecifics-elegansXgraellsii-LaxeXMontalvo,0,NA,NA,NA,NA,NA
B.7XA.8,Heterospecifics-elegansXgraellsii-LaxeXMontalvo,0,NA,NA,NA,NA,NA
B.9XA.8,Heterospecifics-elegansXgraellsii-LaxeXMontalvo,1,1,3,16.66666667,0.0000000,50
A.21XA.9,Conspecifics-graellsiiXgraellsii-MontalvoXMontalvo,1,1,3,146.6666667,0.9818182,440
B.22XA.11,Heterospecifics-elegansXgraellsii-LaxeXMontalvo,1,1,3,220.6666667,0.8247734,662
B.25XA.14,Heterospecifics-elegansXgraellsii-LaxeXMontalvo,1,1,2,108,0.9043210,324
B.25XA.5,Heterospecifics-elegansXgraellsii-LaxeXMontalvo,0,NA,NA,NA,NA,NA
B.1XB.13,Conspecifics-elegansXelegans-LaxeXLaxe,1,1,3,121.6666667,0.9863014,365
B.1XB.14,Conspecifics-elegansXelegans-LaxeXLaxe,1,1,NA,NA,NA,NA
B.9XB.14,Conspecifics-elegansXelegans-LaxeXLaxe,0,NA,NA,NA,NA,NA
B.1XB.15,Conspecifics-elegansXelegans-LaxeXLaxe,1,0,NA,NA,NA,NA
B.1XB.17,Conspecifics-elegansXelegans-LaxeXLaxe,1,0,NA,NA,NA,NA
B.9XB.17,Conspecifics-elegansXelegans-LaxeXLaxe,1,0,NA,NA,NA,NA
B.9XB.18,Conspecifics-elegansXelegans-LaxeXLaxe,1,1,NA,NA,NA,NA
B.1XB.19,Conspecifics-elegansXelegans-LaxeXLaxe,1,0,NA,NA,NA,NA
B.8XB.19,Conspecifics-elegansXelegans-LaxeXLaxe,0,NA,NA,NA,NA,NA
B.9XB.19,Conspecifics-elegansXelegans-LaxeXLaxe,0,NA,NA,NA,NA,NA
B.1XB.20,Conspecifics-elegansXelegans-LaxeXLaxe,0,NA,NA,NA,NA,NA
B.9XB.20,Conspecifics-elegansXelegans-LaxeXLaxe,0,NA,NA,NA,NA,NA
B.1XB.8,Conspecifics-elegansXelegans-LaxeXLaxe,1,0,NA,NA,NA,NA
B.31XB.11,Conspecifics-elegansXelegans-LaxeXLaxe,1,1,NA,NA,NA,NA
B.8XB.15,Conspecifics-elegansXelegans-LaxeXLaxe,NA,NA,3,193,0.3575130,579
B.26XB.16 ,Conspecifics-elegansXelegans-LaxeXLaxe,0,NA,NA,NA,NA,NA
B.25XB.16,Conspecifics-elegansXelegans-LaxeXLaxe,1,1,NA,NA,NA,NA
B.38XA.24,Heterospecifics-elegansXgraellsii-LaxeXMontalvo,1,1,NA,NA,NA,NA
B.32XA.25,Heterospecifics-elegansXgraellsii-LaxeXMontalvo,1,1,3,6.333333333,0.0000000,19
B.32XA.26,Heterospecifics-elegansXgraellsii-LaxeXMontalvo,1,1,3,1,0.6666667,3
B.37XA.26,Heterospecifics-elegansXgraellsii-LaxeXMontalvo,0,NA,NA,NA,NA,NA
B.35XA.27,Heterospecifics-elegansXgraellsii-LaxeXMontalvo,1,1,3,15.66666667,0.1063830,47
B.41XA.27,Heterospecifics-elegansXgraellsii-LaxeXMontalvo,1,1,3,15.66666667,0.1063830,47
B.33XA.28,Heterospecifics-elegansXgraellsii-LaxeXMontalvo,1,1,NA,NA,NA,NA
B.32XA.29,Heterospecifics-elegansXgraellsii-LaxeXMontalvo,1,1,1,3.333333333,0.1000000,10
B.35XA.29,Heterospecifics-elegansXgraellsii-LaxeXMontalvo,0,NA,NA,NA,NA,NA
B.37XA.29,Heterospecifics-elegansXgraellsii-LaxeXMontalvo,0,NA,NA,NA,NA,NA
B.39XA.30,Heterospecifics-elegansXgraellsii-LaxeXMontalvo,1,1,3,160,0.9312500,480
B.32XA.31,Heterospecifics-elegansXgraellsii-LaxeXMontalvo,1,1,NA,NA,NA,NA
B.35XA.31,Heterospecifics-elegansXgraellsii-LaxeXMontalvo,1,1,3,183.3333333,0.9854545,550
B.42XC.10,Heterospecifics-elegansXgraellsii-LaxeXCachadas,1,0,NA,NA,NA,NA
B.53XC.10,Heterospecifics-elegansXgraellsii-LaxeXCachadas,1,0,NA,NA,NA,NA
B.53XC.11,Heterospecifics-elegansXgraellsii-LaxeXCachadas,1,1,3,174.3333333,0.8298279,523
B.50XC.13,Heterospecifics-elegansXgraellsii-LaxeXCachadas,1,1,3,27.66666667,0.9759036,83
B.52XC.14,Heterospecifics-elegansXgraellsii-LaxeXCachadas,1,1,3,182.6666667,0.1277372,548
B.55XC.18,Heterospecifics-elegansXgraellsii-LaxeXCachadas,1,1,3,248.3333333,0.9583893,745
B.49XC.19,Heterospecifics-elegansXgraellsii-LaxeXCachadas,1,1,NA,NA,NA,NA
B.49XC.1,Heterospecifics-elegansXgraellsii-LaxeXCachadas,1,1,3,179,0.8342644,537
B.47XC.2,Heterospecifics-elegansXgraellsii-LaxeXCachadas,1,1,NA,NA,NA,NA
B.53XC.2,Heterospecifics-elegansXgraellsii-LaxeXCachadas,0,NA,NA,NA,NA,NA
B.56XC.2,Heterospecifics-elegansXgraellsii-LaxeXCachadas,0,NA,NA,NA,NA,NA
B.53XC.3,Heterospecifics-elegansXgraellsii-LaxeXCachadas,0,NA,NA,NA,NA,NA
B.47XC.6,Heterospecifics-elegansXgraellsii-LaxeXCachadas,1,1,0,NA,NA,NA
B.50XC.9,Heterospecifics-elegansXgraellsii-LaxeXCachadas,1,0,NA,NA,NA,NA
B.33XB.61,Conspecifics-elegansXelegans-LaxeXLaxe,1,1,0,NA,NA,NA
B.36XB.62,Conspecifics-elegansXelegans-LaxeXLaxe,1,1,3,105,0.9650794,315
C.26XB.63,Heterospecifics-graellsiiXelegans-CachadasXLaxe,0,NA,NA,NA,NA,NA
C.24XB.64,Heterospecifics-graellsiiXelegans-CachadasXLaxe,0,NA,NA,NA,NA,NA
C.26XB.64,Heterospecifics-graellsiiXelegans-CachadasXLaxe,0,NA,NA,NA,NA,NA
C.28XB.64,Heterospecifics-graellsiiXelegans-CachadasXLaxe,1,0,NA,NA,NA,NA
C.31XB.64,Heterospecifics-graellsiiXelegans-CachadasXLaxe,0,NA,NA,NA,NA,NA
C.23XB.65,Heterospecifics-graellsiiXelegans-CachadasXLaxe,0,NA,NA,NA,NA,NA
C.25XB.65,Heterospecifics-graellsiiXelegans-CachadasXLaxe,0,NA,NA,NA,NA,NA
C.31XB.65,Heterospecifics-graellsiiXelegans-CachadasXLaxe,0,NA,NA,NA,NA,NA
C.25XB.66,Heterospecifics-graellsiiXelegans-CachadasXLaxe,0,NA,NA,NA,NA,NA
B.76XB.67,Conspecifics-elegansXelegans-LaxeXLaxe,1,1,3,90.66666667,0.9705882,272
C.21XB.68,Heterospecifics-graellsiiXelegans-CachadasXLaxe,0,NA,NA,NA,NA,NA
C.23XB.68,Heterospecifics-graellsiiXelegans-CachadasXLaxe,0,NA,NA,NA,NA,NA
C.25XB.68,Heterospecifics-graellsiiXelegans-CachadasXLaxe,0,NA,NA,NA,NA,NA
C.26XB.68,Heterospecifics-graellsiiXelegans-CachadasXLaxe,0,NA,NA,NA,NA,NA
C.3XB.69,Heterospecifics-graellsiiXelegans-CachadasXLaxe,0,NA,NA,NA,NA,NA
C.2XB.70,Heterospecifics-graellsiiXelegans-CachadasXLaxe,0,NA,NA,NA,NA,NA
C.33XB.71,Heterospecifics-graellsiiXelegans-CachadasXLaxe,0,NA,NA,NA,NA,NA
B.77XB.72,Conspecifics-elegansXelegans-LaxeXLaxe,1,1,2,111.5,0.9686099,223
C.28XB.72,Heterospecifics-graellsiiXelegans-CachadasXLaxe,0,NA,NA,NA,NA,NA
C.31XB.73,Heterospecifics-graellsiiXelegans-CachadasXLaxe,0,NA,NA,NA,NA,NA
B.45XC.10,Heterospecifics-elegansXgraellsii-LaxeXCachadas,0,NA,NA,NA,NA,NA
B.47XC.10,Heterospecifics-elegansXgraellsii-LaxeXCachadas,1,0,NA,NA,NA,NA
B.75XC.10,Heterospecifics-elegansXgraellsii-LaxeXCachadas,1,1,3,137,0.8807786,411
B.52XC.12,Heterospecifics-elegansXgraellsii-LaxeXCachadas,1,1,NA,NA,NA,NA
B.49XC.17,Heterospecifics-elegansXgraellsii-LaxeXCachadas,1,1,3,160.6666667,1.0000000,482
B.45XC.2,Heterospecifics-elegansXgraellsii-LaxeXCachadas,1,1,3,105.3333333,0.8449367,316
B.78XC.4,Heterospecifics-elegansXgraellsii-LaxeXCachadas,1,1,3,172.6666667,0.8552124,518
B.33XC.5,Heterospecifics-elegansXgraellsii-LaxeXCachadas,1,1,3,195.6666667,0.9574106,587
B.52XC.8,Heterospecifics-elegansXgraellsii-LaxeXCachadas,1,1,1,3.333333333,0.1000000,10
B.33XC.9,Heterospecifics-elegansXgraellsii-LaxeXCachadas,1,0,NA,NA,NA,NA
B.43XC.9,Heterospecifics-elegansXgraellsii-LaxeXCachadas,1,1,NA,NA,NA,NA
B.2XB.1,Postzygotics-hybridXhybrid-(H:LaxeXMontalvo)X(H:LaxeXMontalvo),1,1,NA,NA,NA,NA
3.1XC.2,Postzygotics-elegansXhybrid-SymEleX(H:LaxeXMontalvo),1,1,1,369,NA,369
3.1XC.3,Postzygotics-elegansXhybrid-SymEleX(H:LaxeXMontalvo),0,NA,NA,NA,NA,NA
B.4XC.3,Postzygotics-hybridXhybrid-(H:LaxeXMontalvo)X(H:LaxeXMontalvo),1,1,NA,NA,NA,NA
1.3X1.2,Conspecifics-graellsiiXgraellsii-MontalvoXMontalvo,1,1,NA,NA,NA,NA
1.9X1.4,Conspecifics-graellsiiXgraellsii-MontalvoXMontalvo,1,1,3,88.66666667,NA,266
1.1X1.6,Conspecifics-graellsiiXgraellsii-MontalvoXMontalvo,1,1,2,54.5,NA,109
3.5X3.2,Conspecifics-elegansXelegans-LaxeXLaxe,1,1,NA,NA,NA,NA
A.3XB.5,Postzygotics-hybridXhybrid-(H:LaxeXMontalvo)X(H:LaxeXMontalvo),1,1,1,124.6666667,NA,374
C.5XB.7,Postzygotics-hybridXhybrid-(H:LaxeXMontalvo)X(H:LaxeXMontalvo),1,1,3,18.66666667,NA,56
C.10XC.3,Postzygotics-hybridXhybrid-(H:LaxeXMontalvo)X(H:LaxeXMontalvo),1,1,0,0,NA,0
B.6XC.4,Postzygotics-hybridXhybrid-(H:LaxeXMontalvo)X(H:LaxeXMontalvo),1,1,3,323.6666667,NA,971
A.9X1.11,Postzygotics-hybridXgraellsii-(H:LaxeXMontalvo)XSymGra,1,1,3,100.6666667,NA,302
A.2X1.14,Postzygotics-hybridXgraellsii-(H:LaxeXMontalvo)XSymGra,1,1,NA,NA,NA,NA
B.6X1.8,Postzygotics-hybridXgraellsii-(H:LaxeXMontalvo)XSymGra,1,1,3,148.6666667,NA,446
C.6X2.11,Postzygotics-hybridXgraellsii-(H:LaxeXMontalvo)XSymGra,1,0,NA,NA,NA,NA
3.5X3.6,Conspecifics-elegansXelegans-LaxeXLaxe,0,NA,NA,NA,NA,NA
3.9XA.4,Postzygotics-elegansXhybrid-SymEleX(H:LaxeXMontalvo),1,1,3,108.6666667,NA,326
3.4XA.9,Postzygotics-elegansXhybrid-SymEleX(H:LaxeXMontalvo),1,1,2,244.3333333,NA,733
4.3XC.7,Postzygotics-elegansXhybrid-SymEleX(H:LaxeXMontalvo),1,1,2,136,NA,272
A.9XC.9,Postzygotics-hybridXhybrid-(H:LaxeXMontalvo)X(H:LaxeXMontalvo),0,NA,NA,NA,NA,NA
B.6XC.9,Postzygotics-hybridXhybrid-(H:LaxeXMontalvo)X(H:LaxeXMontalvo),1,1,3,162.3333333,NA,487
2.4X1.2,Conspecifics-graellsiiXgraellsii-MontalvoXMontalvo,1,1,NA,NA,NA,NA
3.4X3.6,Conspecifics-elegansXelegans-LaxeXLaxe,1,1,3,147,NA,441
3.5X4.2,Conspecifics-elegansXelegans-LaxeXLaxe,1,0,NA,NA,NA,NA
1.18X1.17,Conspecifics-graellsiiXgraellsii-MontalvoXMontalvo,1,1,2,49.33333333,NA,148
3.17X3.10,Conspecifics-elegansXelegans-LaxeXLaxe,1,1,2,61.66666667,NA,185
4.12X3.19,Conspecifics-elegansXelegans-LaxeXLaxe,1,1,3,82.33333333,NA,247
3.9X4.5,Conspecifics-elegansXelegans-LaxeXLaxe,1,1,NA,NA,NA,NA
3.4XB.10,Postzygotics-elegansXhybrid-SymEleX(H:LaxeXMontalvo),1,1,2,2,NA,6
1.27X1.20,Conspecifics-graellsiiXgraellsii-MontalvoXMontalvo,1,1,3,180.3333333,NA,541
3.16X2.5,Heterospecifics-elegansXgraellsii-LaxeXMontalvo,1,1,3,221.3333333,NA,664
3.21X3.13,Conspecifics-elegansXelegans-LaxeXLaxe,NA,NA,2,125.6666667,NA,377
A.12X3.13,Postzygotics-hybridXelegans-(H:LaxeXMontalvo)XSymEle,1,0,NA,NA,NA,NA
2.6X2.8,Conspecifics-graellsiiXgraellsii-MontalvoXMontalvo,NA,NA,1,153.6666667,NA,461
A.27XB.12,Postzygotics-hybridXhybrid-(H:LaxeXMontalvo)X(H:LaxeXMontalvo),NA,NA,3,9.666666667,NA,29
A.29XC.26,Postzygotics-hybridXhybrid-(H:LaxeXMontalvo)X(H:LaxeXMontalvo),NA,NA,1,13,NA,26
A.27XC.27,Postzygotics-hybridXhybrid-(H:LaxeXMontalvo)X(H:LaxeXMontalvo),NA,NA,1,1.666666667,NA,5
A.29XA.20,Postzygotics-hybridXhybrid-(H:LaxeXMontalvo)X(H:LaxeXMontalvo),NA,NA,2,35.66666667,NA,107
4.12XA.28,Postzygotics-elegansXhybrid-SymEleX(H:LaxeXMontalvo),0,NA,NA,NA,NA,NA
4.12XA.29,Postzygotics-elegansXhybrid-SymEleX(H:LaxeXMontalvo),0,NA,NA,NA,NA,NA
A.31XA.30,Postzygotics-hybridXhybrid-(H:LaxeXMontalvo)X(H:LaxeXMontalvo),NA,NA,2,38.33333333,NA,115
C.25XC.30,Postzygotics-hybridXhybrid-(H:LaxeXMontalvo)X(H:LaxeXMontalvo),NA,NA,2,101.3333333,NA,304
A.29X2.15,Postzygotics-hybridXgraellsii-(H:LaxeXMontalvo)XSymGra,NA,NA,2,109,NA,327
4.12XC.29,Postzygotics-elegansXhybrid-SymEleX(H:LaxeXMontalvo),NA,NA,2,190.3333333,NA,571
2.23X1.29,Conspecifics-graellsiiXgraellsii-MontalvoXMontalvo,NA,NA,3,33.66666667,NA,101
3.27X3.34,Conspecifics-elegansXelegans-LaxeXLaxe,NA,NA,2,110.6666667,NA,332
2.23X2.22,Conspecifics-graellsiiXgraellsii-MontalvoXMontalvo,NA,NA,2,198.6666667,NA,596
2.23X2.24,Conspecifics-graellsiiXgraellsii-MontalvoXMontalvo,NA,NA,2,143.3333333,NA,430
3.27X3.31,Conspecifics-elegansXelegans-LaxeXLaxe,NA,NA,2,5,NA,10
3.43X3.37,Conspecifics-elegansXelegans-LaxeXLaxe,NA,NA,0,0,NA,0
3.43X4.22,Conspecifics-elegansXelegans-LaxeXLaxe,NA,NA,0,0,NA,0
C.40XA.25,Postzygotics-hybridXhybrid-(H:LaxeXMontalvo)X(H:LaxeXMontalvo),NA,NA,1,38.66666667,NA,116
3.27X4.33,Conspecifics-elegansXelegans-LaxeXLaxe,NA,NA,1,0.5,NA,1
L.1XK.2,Postzygotics-hybridXhybrid-(H:LaxeXMontalvo)X(H:LaxeXMontalvo),1,1,0,0,NA,0
L.1XK.6,Postzygotics-hybridXhybrid-(H:LaxeXMontalvo)X(H:LaxeXMontalvo),1,1,2,54,0.3950617,162
K.7XK.8,Postzygotics-hybridXhybrid-(H:LaxeXMontalvo)X(H:LaxeXMontalvo),1,1,3,88.33333333,0.0377358,265
K.7XK.12,Postzygotics-hybridXhybrid-(H:LaxeXMontalvo)X(H:LaxeXMontalvo),1,1,2,64,0.0260417,192
L.1XK.9,Postzygotics-hybridXhybrid-(H:LaxeXMontalvo)X(H:LaxeXMontalvo),1,1,0,0,NA,0
A.1XL.2,Postzygotics-elegansXhybrid-SymEleX(H:LaxeXMontalvo),1,1,2,1,1.0000000,3
A.3XN.1,Postzygotics-elegansXhybrid-SymEleX(H:LaxeXMontalvo),1,1,0,0,NA,0
K.7XK.13,Postzygotics-hybridXhybrid-(H:LaxeXMontalvo)X(H:LaxeXMontalvo),1,1,NA,NA,NA,NA
K.14XB.1,Postzygotics-hybridXelegans-(H:LaxeXMontalvo)XSymEle,0,NA,NA,NA,NA,NA
K.7XB.1,Postzygotics-hybridXelegans-(H:LaxeXMontalvo)XSymEle,0,NA,NA,NA,NA,NA
K.10XK.17,Postzygotics-hybridXhybrid-(H:LaxeXMontalvo)X(H:LaxeXMontalvo),1,1,2,28.66666667,0.4302326,86
K.19XB.1,Postzygotics-hybridXelegans-(H:LaxeXMontalvo)XSymEle,0,NA,NA,NA,NA,NA
L.3XB.1,Postzygotics-hybridXelegans-(H:LaxeXMontalvo)XSymEle,0,NA,NA,NA,NA,NA
L4XA.8,Postzygotics-hybridXelegans-(H:LaxeXMontalvo)XSymEle,1,1,2,141,0.9834515,423
A.10XK.16,Postzygotics-elegansXhybrid-SymEleX(H:LaxeXMontalvo),1,1,1,16.66666667,0.2600000,50
A.9XK.20,Postzygotics-elegansXhybrid-SymEleX(H:LaxeXMontalvo),1,0,NA,NA,NA,NA
A.10XK.21,Postzygotics-elegansXhybrid-SymEleX(H:LaxeXMontalvo),0,NA,NA,NA,NA,NA
D.2XK.21,Postzygotics-graellsiiXhybrid-SymGraX(H:LaxeXMontalvo),1,1,3,38.66666667,0.1379310,116
A.10XB.2,Conspecifics-elegansXelegans-LaxeXLaxe,1,1,1,113.3333333,0.9911765,340
A.7XF.1,Postzygotics-hybridXelegans-(H:LaxeXMontalvo)XSymEle,0,NA,NA,NA,NA,NA
A.9XF.1,Postzygotics-hybridXelegans-(H:LaxeXMontalvo)XSymEle,1,1,1,1.333333333,0.0000000,4
K.15XQ.1,Postzygotics-hybridXhybrid-(H:LaxeXMontalvo)X(H:LaxeXMontalvo),1,1,3,60.66666667,0.3021978,182
A.10XR.1,Postzygotics-elegansXhybrid-SymEleX(H:LaxeXMontalvo),1,1,0,0,NA,0
L.7XN.2,Postzygotics-hybridXhybrid-(H:LaxeXMontalvo)X(H:LaxeXMontalvo),0,NA,NA,NA,NA,NA
A.19XB.4,Conspecifics-elegansXelegans-LaxeXLaxe,1,1,NA,NA,NA,NA
A19XA.21,Conspecifics-elegansXelegans-LaxeXLaxe,1,1,3,97.33333333,0.9863014,292
I.11XI.10,Postzygotics-hybridXhybrid-(H:LaxeXMontalvo)X(H:LaxeXMontalvo),1,1,3,15.33333333,0.0000000,46
B.5XT.1,Postzygotics-elegansXhybrid-SymEleX(H:LaxeXMontalvo),1,1,3,51,0.6862745,153
B.5XA.25,Conspecifics-elegansXelegans-LaxeXLaxe,1,1,2,182.6666667,0.9726277,548
K.26XE.5,Postzygotics-hybridXgraellsii-(H:LaxeXMontalvo)XSymGra,1,1,1,83.33333333,0.0720000,250
Mechs-2018-B10XA30,Heterospecifics-elegansXgraellsii-LaxeXCachadas,1,1,NA,NA,NA,NA
Mechs-2018-B10XA40,Heterospecifics-elegansXgraellsii-LaxeXCachadas,1,1,NA,NA,NA,NA
Mechs-2018-B10XA44,Heterospecifics-elegansXgraellsii-LaxeXCachadas,1,1,NA,NA,NA,NA
Mechs-2018-B11XA33,Heterospecifics-elegansXgraellsii-LaxeXCachadas,1,1,NA,NA,NA,NA
Mechs-2018-B11XA39,Heterospecifics-elegansXgraellsii-LaxeXCachadas,1,1,NA,NA,NA,NA
Mechs-2018-B11XA42,Heterospecifics-elegansXgraellsii-LaxeXCachadas,1,0,NA,NA,NA,NA
Mechs-2018-B11XA43,Heterospecifics-elegansXgraellsii-LaxeXCachadas,1,1,NA,NA,NA,NA
Mechs-2018-B12XA28,Heterospecifics-elegansXgraellsii-LaxeXCachadas,1,1,NA,NA,NA,NA
Mechs-2018-B12XA29,Heterospecifics-elegansXgraellsii-LaxeXCachadas,0,NA,NA,NA,NA,NA
Mechs-2018-B12XA30,Heterospecifics-elegansXgraellsii-LaxeXCachadas,1,0,NA,NA,NA,NA
Mechs-2018-B12XA41,Heterospecifics-elegansXgraellsii-LaxeXCachadas,0,NA,NA,NA,NA,NA
Mechs-2018-B12XA42,Heterospecifics-elegansXgraellsii-LaxeXCachadas,1,1,NA,NA,NA,NA
Mechs-2018-B12XA45,Heterospecifics-elegansXgraellsii-LaxeXCachadas,1,1,NA,NA,NA,NA
Mechs-2018-B9XA23,Heterospecifics-elegansXgraellsii-LaxeXCachadas,1,1,NA,NA,NA,NA
Mechs-2018-B9XA33,Conspecifics-graellsiiXgraellsii-LaxeXCachadas,0,NA,NA,NA,NA,NA
Mechs-2018-B9XA35,Conspecifics-graellsiiXgraellsii-LaxeXCachadas,1,1,NA,NA,NA,NA
Mechs-2018-B9XA57,Conspecifics-graellsiiXgraellsii-LaxeXCachadas,1,0,NA,NA,NA,NA
Mechs-2018-B9XB8,Heterospecifics-graellsiiXelegans-CachadasXLaxe,1,1,NA,NA,NA,NA
Mechs-2018-B11XB8,Conspecifics-elegansXelegans-LaxeXLaxe,1,1,NA,NA,NA,NA
Mechs-2018-D5XF1,Postzygotics-elegansXhybrid-SymEleX(H:LaxeXCachadas),1,1,NA,NA,NA,NA
Mechs-2018-E1XG3,Postzygotics-elegansXhybrid-SymEleX(H:LaxeXCachadas),1,1,NA,NA,NA,NA
Mechs-2018-H1XG4,Postzygotics-elegansXhybrid-SymEleX(H:LaxeXCachadas),1,1,NA,NA,NA,NA
Mechs-2018-L16XL48,Conspecifics-elegansXelegans-LaxeXLaxe,1,1,NA,NA,NA,NA
Mechs-2018-L18XA89,Heterospecifics-elegansXgraellsii-LaxeXCachadas,0,NA,NA,NA,NA,NA
Mechs-2018-L18XA93,Heterospecifics-elegansXgraellsii-LaxeXCachadas,1,1,NA,NA,NA,NA
Mechs-2018-L19XA97,Heterospecifics-elegansXgraellsii-LaxeXCachadas,1,1,NA,NA,NA,NA
Mechs-2018-L20XA99,Heterospecifics-elegansXgraellsii-LaxeXCachadas,1,0,NA,NA,NA,NA
Mechs-2018-L26XA86,Heterospecifics-elegansXgraellsii-LaxeXCachadas,1,1,NA,NA,NA,NA
Mechs-2018-L26XA99,Heterospecifics-elegansXgraellsii-LaxeXCachadas,1,1,NA,NA,NA,NA
Mechs-2018-L26XL01,Conspecifics-elegansXelegans-LaxeXLaxe,1,1,NA,NA,NA,NA
Mechs-2018-L26XL11,Conspecifics-elegansXelegans-LaxeXLaxe,1,1,NA,NA,NA,NA
Mechs-2018-L26XL44,Conspecifics-elegansXelegans-LaxeXLaxe,1,0,NA,NA,NA,NA
Mechs-2018-L30XA93,Heterospecifics-elegansXgraellsii-LaxeXCachadas,0,NA,NA,NA,NA,NA
Mechs-2018-L35XA89,Heterospecifics-elegansXgraellsii-LaxeXCachadas,1,1,NA,NA,NA,NA
Mechs-2018-L35XA92,Heterospecifics-elegansXgraellsii-LaxeXCachadas,1,1,NA,NA,NA,NA
Mechs-2018-L36XA95,Heterospecifics-elegansXgraellsii-LaxeXCachadas,1,1,NA,NA,NA,NA
Mechs-2018-L36XA98,Heterospecifics-elegansXgraellsii-LaxeXCachadas,1,1,NA,NA,NA,NA
Mechs-2018-L36XL46,Conspecifics-elegansXelegans-LaxeXLaxe,1,1,NA,NA,NA,NA
Mechs-2018-L37XA80,Heterospecifics-elegansXgraellsii-LaxeXCachadas,0,NA,NA,NA,NA,NA
Mechs-2018-L37XC2,Postzygotics-elegansXhybrid-SymEleX(H:LaxeXCachadas),1,1,NA,NA,NA,NA
Mechs-2018-L38XL06,Conspecifics-elegansXelegans-LaxeXLaxe,1,1,NA,NA,NA,NA
Mechs-2018-L50XA101,Heterospecifics-elegansXgraellsii-LaxeXCachadas,1,1,NA,NA,NA,NA
Mechs-2018-L50XA90,Heterospecifics-elegansXgraellsii-LaxeXCachadas,1,1,NA,NA,NA,NA
Mechs-2018-L50XA98,Heterospecifics-elegansXgraellsii-LaxeXCachadas,0,NA,NA,NA,NA,NA
Mechs-2018-L50XL06,Conspecifics-elegansXelegans-LaxeXLaxe,1,0,NA,NA,NA,NA
Mechs-2018-L50XL43,Conspecifics-elegansXelegans-LaxeXLaxe,1,1,NA,NA,NA,NA
Mechs-2018-L58XL43,Conspecifics-elegansXelegans-LaxeXLaxe,1,0,NA,NA,NA,NA
Mechs-2018-L59XA78,Heterospecifics-elegansXgraellsii-LaxeXCachadas,1,1,NA,NA,NA,NA
Mechs-2018-L59XA92,Heterospecifics-elegansXgraellsii-LaxeXCachadas,1,0,NA,NA,NA,NA
Mechs-2018-L63XA78,Heterospecifics-elegansXgraellsii-LaxeXCachadas,0,NA,NA,NA,NA,NA
Mechs-2018-L63XA82,Heterospecifics-elegansXgraellsii-LaxeXCachadas,1,1,NA,NA,NA,NA
Mechs-2018-L69XA80,Heterospecifics-elegansXgraellsii-LaxeXCachadas,1,1,NA,NA,NA,NA
Mechs-2018-L69XA92,Heterospecifics-elegansXgraellsii-LaxeXCachadas,0,NA,NA,NA,NA,NA
Fem_G56IxMal_E56,Heterospecifics-elegansXgraellsii-LaxeXCachadas,NA,NA,2,49,0.0000000,98
Fem_G57IxMal_E49,Heterospecifics-elegansXgraellsii-LaxeXCachadas,NA,NA,3,8.666666667,0.0000000,26
Fem_G58AxMal_E51,Heterospecifics-elegansXgraellsii-LaxeXCachadas,NA,NA,3,83.33333333,0.8720000,250
Fem_G60IxMal_E49,Heterospecifics-elegansXgraellsii-LaxeXCachadas,NA,NA,3,149,0.6957494,447
Fem_G61IxMal_E46,Heterospecifics-elegansXgraellsii-LaxeXCachadas,NA,NA,3,197,0.5922166,591
Fem_G62IxMal_E49,Heterospecifics-elegansXgraellsii-LaxeXCachadas,NA,NA,2,19,0.0000000,38
Fem_G63IxMal_E46,Heterospecifics-elegansXgraellsii-LaxeXCachadas,NA,NA,2,200.5,0.8703242,401
Fem_G64IxMal_E49,Heterospecifics-elegansXgraellsii-LaxeXCachadas,NA,NA,2,19.5,0.0000000,39
Fem_G65IxMal_E54,Heterospecifics-elegansXgraellsii-LaxeXCachadas,NA,NA,3,6.666666667,0.4500000,20
Fem_G67IxMal_E49,Heterospecifics-elegansXgraellsii-LaxeXCachadas,NA,NA,0,NA,NA,NA
Fem_G69OxMal_E54,Heterospecifics-elegansXgraellsii-LaxeXCachadas,NA,NA,3,4,0.0000000,12
Fem_G70IxMal_E46,Heterospecifics-elegansXgraellsii-LaxeXCachadas,NA,NA,2,172,0.6250000,344
Fem_G71IxMal_E54,Heterospecifics-elegansXgraellsii-LaxeXCachadas,NA,NA,1,245,0.7387755,245
Fem_G72IxMal_E53,Heterospecifics-elegansXgraellsii-LaxeXCachadas,NA,NA,3,125.3333333,0.6223404,376
Fem_G73IxMal_E54,Heterospecifics-elegansXgraellsii-LaxeXCachadas,NA,NA,0,NA,NA,NA
Fem_G74IxMal_E46,Heterospecifics-elegansXgraellsii-LaxeXCachadas,NA,NA,3,246.3333333,0.7645467,739
1?XL50,Heterospecifics-elegansXgraellsii-LaxeXCachadas,NA,NA,1,15,0.4666667,15
2?XB9,Heterospecifics-elegansXgraellsii-LaxeXCachadas,NA,NA,3,161.3333333,0.5681818,484
3?XB12,Heterospecifics-elegansXgraellsii-LaxeXCachadas,NA,NA,3,28.33333333,0.4117647,85
4?XB10,Heterospecifics-elegansXgraellsii-LaxeXCachadas,NA,NA,3,50,0.6533333,150
5?XB11,Heterospecifics-elegansXgraellsii-LaxeXCachadas,NA,NA,3,7.333333333,0.6818182,22
6?XB9,Heterospecifics-elegansXgraellsii-LaxeXCachadas,NA,NA,3,5.666666667,0.5882353,17
7?XB11,Heterospecifics-elegansXgraellsii-LaxeXCachadas,NA,NA,3,17,0.4509804,51
8?XB10,Heterospecifics-elegansXgraellsii-LaxeXCachadas,NA,NA,3,19,0.3859649,57
9?XB12,Heterospecifics-elegansXgraellsii-LaxeXCachadas,NA,NA,3,147,0.4331066,441
10?XB11,Heterospecifics-elegansXgraellsii-LaxeXCachadas,NA,NA,3,14,0.8333333,42
11?XB10,Heterospecifics-elegansXgraellsii-LaxeXCachadas,NA,NA,3,8.333333333,0.6000000,25
12?XB12,Heterospecifics-elegansXgraellsii-LaxeXCachadas,NA,NA,3,8.333333333,0.4800000,25
13?XL59,Heterospecifics-elegansXgraellsii-LaxeXCachadas,NA,NA,3,8.333333333,0.4000000,25
14?XL69,Heterospecifics-elegansXgraellsii-LaxeXCachadas,NA,NA,3,26,0.6923077,78
15?XL39,Heterospecifics-elegansXgraellsii-LaxeXCachadas,NA,NA,3,20.66666667,0.7419355,62
16?XL63,Heterospecifics-elegansXgraellsii-LaxeXCachadas,NA,NA,3,15,0.8000000,45
17?XL26,Heterospecifics-elegansXgraellsii-LaxeXCachadas,NA,NA,3,26.66666667,0.3750000,80
18?XL35,Heterospecifics-elegansXgraellsii-LaxeXCachadas,NA,NA,3,40,0.6000000,120
19?XL50,Heterospecifics-elegansXgraellsii-LaxeXCachadas,NA,NA,1,35,0.3428571,35
20?XL35,Heterospecifics-elegansXgraellsii-LaxeXCachadas,NA,NA,3,58.33333333,0.5600000,175
21?XL18,Heterospecifics-elegansXgraellsii-LaxeXCachadas,NA,NA,3,18.66666667,0.3750000,56
22?XL36,Heterospecifics-elegansXgraellsii-LaxeXCachadas,NA,NA,3,4,0.5000000,12
23?XL19,Heterospecifics-elegansXgraellsii-LaxeXCachadas,NA,NA,1,35,0.5714286,35
24?XL13,Heterospecifics-elegansXgraellsii-LaxeXCachadas,NA,NA,1,42,0.5000000,42
25?XL26,Heterospecifics-elegansXgraellsii-LaxeXCachadas,NA,NA,1,72,0.6250000,72
26?XB9,Conspecifics-elegansXelegans-LaxeXLaxe,NA,NA,3,28.33333333,0.7058824,85
27?XB11,Conspecifics-elegansXelegans-LaxeXLaxe,NA,NA,3,32,0.5208333,96
28?XL37,Postzygotics-elegansXhybrid-SymEleX(H:LaxeXCachadas),NA,NA,3,5,0.5333333,15
29?XD5,Postzygotics-elegansXhybrid-SymEleX(H:LaxeXCachadas),NA,NA,3,7.333333333,0.9090909,22
30?XE1,Postzygotics-elegansXhybrid-SymEleX(H:LaxeXCachadas),NA,NA,3,10,0.6333333,30
31?XH1,Postzygotics-elegansXhybrid-SymEleX(H:LaxeXCachadas),NA,NA,3,4.666666667,0.8571429,14
32?XL26,Conspecifics-elegansXelegans-LaxeXLaxe,NA,NA,3,50,0.4800000,150
33?XL35,Conspecifics-elegansXelegans-LaxeXLaxe,NA,NA,1,15,0.6666667,15
34?XL38,Conspecifics-elegansXelegans-LaxeXLaxe,NA,NA,1,21,0.6190476,21
35?XL26,Conspecifics-elegansXelegans-LaxeXLaxe,NA,NA,3,78.33333333,0.7659574,235
36?XL39,Conspecifics-elegansXelegans-LaxeXLaxe,NA,NA,1,172,0.5697674,172
37?XL50,Conspecifics-elegansXelegans-LaxeXLaxe,NA,NA,1,96,0.4375000,96
38?XL16,Conspecifics-elegansXelegans-LaxeXLaxe,NA,NA,1,12,0.7500000,12
B24*B10,Conspecifics-elegansXelegans-LaxeXLaxe,NA,NA,2,185.5,0.5525606,371
0,,,,,,,
